Driver,LapNumber,LapTime,Compound,Stint
VER,1.0,99.019,SOFT,1.0
VER,2.0,97.974,SOFT,1.0
VER,3.0,98.006,SOFT,1.0
VER,4.0,97.976,SOFT,1.0
VER,5.0,98.035,SOFT,1.0
VER,6.0,97.986,SOFT,1.0
VER,7.0,98.021,SOFT,1.0
VER,8.0,98.154,SOFT,1.0
VER,9.0,98.278,SOFT,1.0
VER,10.0,98.369,SOFT,1.0
VER,11.0,98.483,SOFT,1.0
VER,12.0,98.591,SOFT,1.0
VER,13.0,98.482,SOFT,1.0
VER,14.0,101.295,SOFT,1.0
VER,15.0,118.378,SOFT,2.0
VER,16.0,97.801,SOFT,2.0
VER,17.0,97.648,SOFT,2.0
VER,18.0,97.614,SOFT,2.0
VER,19.0,97.712,SOFT,2.0
VER,20.0,97.788,SOFT,2.0
VER,21.0,97.582,SOFT,2.0
VER,22.0,97.651,SOFT,2.0
VER,23.0,97.552,SOFT,2.0
VER,24.0,97.387,SOFT,2.0
VER,25.0,97.372,SOFT,2.0
VER,26.0,97.682,SOFT,2.0
VER,27.0,97.379,SOFT,2.0
VER,28.0,97.651,SOFT,2.0
VER,29.0,97.571,SOFT,2.0
VER,30.0,97.549,SOFT,2.0
VER,31.0,97.431,SOFT,2.0
VER,32.0,97.691,SOFT,2.0
VER,33.0,97.686,SOFT,2.0
VER,34.0,97.839,SOFT,2.0
VER,35.0,97.85,SOFT,2.0
VER,36.0,100.964,SOFT,2.0
VER,37.0,118.49,HARD,3.0
VER,38.0,96.297,HARD,3.0
VER,39.0,96.446,HARD,3.0
VER,40.0,96.942,HARD,3.0
VER,41.0,120.495,HARD,3.0
VER,42.0,104.824,HARD,3.0
VER,43.0,96.89,HARD,3.0
VER,44.0,96.236,HARD,3.0
VER,45.0,97.015,HARD,3.0
VER,46.0,96.701,HARD,3.0
VER,47.0,97.009,HARD,3.0
VER,48.0,96.918,HARD,3.0
VER,49.0,96.962,HARD,3.0
VER,50.0,97.25,HARD,3.0
VER,51.0,97.427,HARD,3.0
VER,52.0,96.919,HARD,3.0
VER,53.0,96.89,HARD,3.0
VER,54.0,96.678,HARD,3.0
VER,55.0,96.322,HARD,3.0
VER,56.0,97.205,HARD,3.0
VER,57.0,96.373,HARD,3.0
GAS,1.0,109.649,SOFT,1.0
GAS,2.0,100.438,SOFT,1.0
GAS,3.0,100.643,SOFT,1.0
GAS,4.0,100.894,SOFT,1.0
GAS,5.0,100.818,SOFT,1.0
GAS,6.0,101.11,SOFT,1.0
GAS,7.0,101.134,SOFT,1.0
GAS,8.0,101.173,SOFT,1.0
GAS,9.0,104.201,SOFT,1.0
GAS,10.0,121.262,HARD,2.0
GAS,11.0,98.762,HARD,2.0
GAS,12.0,98.928,HARD,2.0
GAS,13.0,99.349,HARD,2.0
GAS,14.0,98.859,HARD,2.0
GAS,15.0,98.985,HARD,2.0
GAS,16.0,98.945,HARD,2.0
GAS,17.0,99.011,HARD,2.0
GAS,18.0,99.029,HARD,2.0
GAS,19.0,99.066,HARD,2.0
GAS,20.0,99.017,HARD,2.0
GAS,21.0,99.327,HARD,2.0
GAS,22.0,99.485,HARD,2.0
GAS,23.0,99.263,HARD,2.0
GAS,24.0,99.761,HARD,2.0
GAS,25.0,102.288,HARD,2.0
GAS,26.0,119.404,HARD,3.0
GAS,27.0,98.729,HARD,3.0
GAS,28.0,97.761,HARD,3.0
GAS,29.0,98.012,HARD,3.0
GAS,30.0,97.76,HARD,3.0
GAS,31.0,97.968,HARD,3.0
GAS,32.0,98.012,HARD,3.0
GAS,33.0,97.974,HARD,3.0
GAS,34.0,98.022,HARD,3.0
GAS,35.0,98.088,HARD,3.0
GAS,36.0,98.184,HARD,3.0
GAS,37.0,98.133,HARD,3.0
GAS,38.0,98.108,HARD,3.0
GAS,39.0,98.537,HARD,3.0
GAS,40.0,109.707,HARD,3.0
GAS,41.0,128.544,SOFT,4.0
GAS,42.0,95.068,SOFT,4.0
GAS,43.0,95.942,SOFT,4.0
GAS,44.0,95.792,SOFT,4.0
GAS,45.0,96.186,SOFT,4.0
GAS,46.0,96.041,SOFT,4.0
GAS,47.0,96.12,SOFT,4.0
GAS,48.0,96.368,SOFT,4.0
GAS,49.0,96.803,SOFT,4.0
GAS,50.0,96.551,SOFT,4.0
GAS,51.0,96.635,SOFT,4.0
GAS,52.0,96.891,SOFT,4.0
GAS,53.0,96.979,SOFT,4.0
GAS,54.0,97.222,SOFT,4.0
GAS,55.0,97.559,SOFT,4.0
GAS,56.0,97.845,SOFT,4.0
GAS,57.0,98.147,SOFT,4.0
PER,1.0,101.063,SOFT,1.0
PER,2.0,98.862,SOFT,1.0
PER,3.0,98.83,SOFT,1.0
PER,4.0,98.758,SOFT,1.0
PER,5.0,98.404,SOFT,1.0
PER,6.0,98.718,SOFT,1.0
PER,7.0,98.804,SOFT,1.0
PER,8.0,99.172,SOFT,1.0
PER,9.0,98.914,SOFT,1.0
PER,10.0,99.085,SOFT,1.0
PER,11.0,99.249,SOFT,1.0
PER,12.0,99.197,SOFT,1.0
PER,13.0,99.336,SOFT,1.0
PER,14.0,98.739,SOFT,1.0
PER,15.0,98.608,SOFT,1.0
PER,16.0,98.77,SOFT,1.0
PER,17.0,101.36,SOFT,1.0
PER,18.0,118.797,SOFT,2.0
PER,19.0,97.659,SOFT,2.0
PER,20.0,97.448,SOFT,2.0
PER,21.0,97.24,SOFT,2.0
PER,22.0,97.169,SOFT,2.0
PER,23.0,97.304,SOFT,2.0
PER,24.0,97.352,SOFT,2.0
PER,25.0,98.418,SOFT,2.0
PER,26.0,97.454,SOFT,2.0
PER,27.0,97.387,SOFT,2.0
PER,28.0,97.211,SOFT,2.0
PER,29.0,97.733,SOFT,2.0
PER,30.0,97.4,SOFT,2.0
PER,31.0,97.919,SOFT,2.0
PER,32.0,97.722,SOFT,2.0
PER,33.0,97.869,SOFT,2.0
PER,34.0,100.686,SOFT,2.0
PER,35.0,118.785,HARD,3.0
PER,36.0,96.82,HARD,3.0
PER,37.0,96.344,HARD,3.0
PER,38.0,96.431,HARD,3.0
PER,39.0,96.429,HARD,3.0
PER,40.0,97.114,HARD,3.0
PER,41.0,123.522,HARD,3.0
PER,42.0,99.657,HARD,3.0
PER,43.0,96.554,HARD,3.0
PER,44.0,96.978,HARD,3.0
PER,45.0,96.928,HARD,3.0
PER,46.0,97.257,HARD,3.0
PER,47.0,96.661,HARD,3.0
PER,48.0,96.859,HARD,3.0
PER,49.0,97.049,HARD,3.0
PER,50.0,97.731,HARD,3.0
PER,51.0,97.049,HARD,3.0
PER,52.0,97.062,HARD,3.0
PER,53.0,97.345,HARD,3.0
PER,54.0,97.296,HARD,3.0
PER,55.0,97.092,HARD,3.0
PER,56.0,96.565,HARD,3.0
PER,57.0,96.558,HARD,3.0
ALO,1.0,103.608,SOFT,1.0
ALO,2.0,99.792,SOFT,1.0
ALO,3.0,99.1,SOFT,1.0
ALO,4.0,99.548,SOFT,1.0
ALO,5.0,99.662,SOFT,1.0
ALO,6.0,99.674,SOFT,1.0
ALO,7.0,99.729,SOFT,1.0
ALO,8.0,99.959,SOFT,1.0
ALO,9.0,100.275,SOFT,1.0
ALO,10.0,100.203,SOFT,1.0
ALO,11.0,101.147,SOFT,1.0
ALO,12.0,100.934,SOFT,1.0
ALO,13.0,100.341,SOFT,1.0
ALO,14.0,102.212,SOFT,1.0
ALO,15.0,119.692,HARD,2.0
ALO,16.0,97.542,HARD,2.0
ALO,17.0,98.139,HARD,2.0
ALO,18.0,98.124,HARD,2.0
ALO,19.0,98.361,HARD,2.0
ALO,20.0,98.318,HARD,2.0
ALO,21.0,98.407,HARD,2.0
ALO,22.0,98.2,HARD,2.0
ALO,23.0,97.853,HARD,2.0
ALO,24.0,97.878,HARD,2.0
ALO,25.0,98.139,HARD,2.0
ALO,26.0,98.127,HARD,2.0
ALO,27.0,98.612,HARD,2.0
ALO,28.0,98.199,HARD,2.0
ALO,29.0,98.585,HARD,2.0
ALO,30.0,98.282,HARD,2.0
ALO,31.0,98.009,HARD,2.0
ALO,32.0,97.871,HARD,2.0
ALO,33.0,97.769,HARD,2.0
ALO,34.0,100.353,HARD,2.0
ALO,35.0,117.389,HARD,3.0
ALO,36.0,96.156,HARD,3.0
ALO,37.0,97.431,HARD,3.0
ALO,38.0,97.002,HARD,3.0
ALO,39.0,97.243,HARD,3.0
ALO,40.0,97.208,HARD,3.0
ALO,41.0,126.713,HARD,3.0
ALO,42.0,96.334,HARD,3.0
ALO,43.0,96.911,HARD,3.0
ALO,44.0,97.022,HARD,3.0
ALO,45.0,97.931,HARD,3.0
ALO,46.0,97.087,HARD,3.0
ALO,47.0,97.326,HARD,3.0
ALO,48.0,96.783,HARD,3.0
ALO,49.0,96.726,HARD,3.0
ALO,50.0,96.331,HARD,3.0
ALO,51.0,96.96,HARD,3.0
ALO,52.0,97.01,HARD,3.0
ALO,53.0,97.01,HARD,3.0
ALO,54.0,97.599,HARD,3.0
ALO,55.0,97.662,HARD,3.0
ALO,56.0,97.473,HARD,3.0
ALO,57.0,97.422,HARD,3.0
LEC,1.0,100.23,SOFT,1.0
LEC,2.0,98.75,SOFT,1.0
LEC,3.0,98.658,SOFT,1.0
LEC,4.0,98.825,SOFT,1.0
LEC,5.0,98.664,SOFT,1.0
LEC,6.0,98.572,SOFT,1.0
LEC,7.0,98.691,SOFT,1.0
LEC,8.0,98.614,SOFT,1.0
LEC,9.0,98.828,SOFT,1.0
LEC,10.0,99.073,SOFT,1.0
LEC,11.0,99.212,SOFT,1.0
LEC,12.0,99.489,SOFT,1.0
LEC,13.0,102.068,SOFT,1.0
LEC,14.0,118.77,HARD,2.0
LEC,15.0,98.477,HARD,2.0
LEC,16.0,97.953,HARD,2.0
LEC,17.0,98.031,HARD,2.0
LEC,18.0,97.798,HARD,2.0
LEC,19.0,97.858,HARD,2.0
LEC,20.0,97.631,HARD,2.0
LEC,21.0,97.753,HARD,2.0
LEC,22.0,98.162,HARD,2.0
LEC,23.0,98.054,HARD,2.0
LEC,24.0,97.972,HARD,2.0
LEC,25.0,98.541,HARD,2.0
LEC,26.0,99.668,HARD,2.0
LEC,27.0,98.814,HARD,2.0
LEC,28.0,98.618,HARD,2.0
LEC,29.0,98.447,HARD,2.0
LEC,30.0,98.39,HARD,2.0
LEC,31.0,98.746,HARD,2.0
LEC,32.0,98.948,HARD,2.0
LEC,33.0,101.323,HARD,2.0
LEC,34.0,119.477,HARD,3.0
LEC,35.0,98.073,HARD,3.0
LEC,36.0,97.313,HARD,3.0
LEC,37.0,97.17,HARD,3.0
LEC,38.0,97.17,HARD,3.0
LEC,39.0,97.287,HARD,3.0
STR,1.0,104.67,SOFT,1.0
STR,2.0,99.892,SOFT,1.0
STR,3.0,99.625,SOFT,1.0
STR,4.0,99.745,SOFT,1.0
STR,5.0,99.144,SOFT,1.0
STR,6.0,99.714,SOFT,1.0
STR,7.0,99.945,SOFT,1.0
STR,8.0,99.801,SOFT,1.0
STR,9.0,100.106,SOFT,1.0
STR,10.0,100.192,SOFT,1.0
STR,11.0,100.923,SOFT,1.0
STR,12.0,101.039,SOFT,1.0
STR,13.0,101.12,SOFT,1.0
STR,14.0,100.002,SOFT,1.0
STR,15.0,102.841,SOFT,1.0
STR,16.0,119.876,HARD,2.0
STR,17.0,97.507,HARD,2.0
STR,18.0,98.127,HARD,2.0
STR,19.0,98.587,HARD,2.0
STR,20.0,98.038,HARD,2.0
STR,21.0,98.273,HARD,2.0
STR,22.0,98.73,HARD,2.0
STR,23.0,98.295,HARD,2.0
STR,24.0,98.478,HARD,2.0
STR,25.0,98.25,HARD,2.0
STR,26.0,98.482,HARD,2.0
STR,27.0,99.021,HARD,2.0
STR,28.0,98.723,HARD,2.0
STR,29.0,98.71,HARD,2.0
STR,30.0,101.467,HARD,2.0
STR,31.0,117.063,HARD,3.0
STR,32.0,96.546,HARD,3.0
STR,33.0,97.21,HARD,3.0
STR,34.0,97.168,HARD,3.0
STR,35.0,97.521,HARD,3.0
STR,36.0,97.72,HARD,3.0
STR,37.0,97.68,HARD,3.0
STR,38.0,97.274,HARD,3.0
STR,39.0,97.456,HARD,3.0
STR,40.0,97.916,HARD,3.0
STR,41.0,126.809,HARD,3.0
STR,42.0,97.298,HARD,3.0
STR,43.0,97.304,HARD,3.0
STR,44.0,97.299,HARD,3.0
STR,45.0,97.222,HARD,3.0
STR,46.0,97.562,HARD,3.0
STR,47.0,97.257,HARD,3.0
STR,48.0,97.448,HARD,3.0
STR,49.0,97.551,HARD,3.0
STR,50.0,97.388,HARD,3.0
STR,51.0,97.866,HARD,3.0
STR,52.0,97.579,HARD,3.0
STR,53.0,98.379,HARD,3.0
STR,54.0,97.597,HARD,3.0
STR,55.0,97.701,HARD,3.0
STR,56.0,98.11,HARD,3.0
STR,57.0,97.991,HARD,3.0
SAR,1.0,106.855,SOFT,1.0
SAR,2.0,100.467,SOFT,1.0
SAR,3.0,100.349,SOFT,1.0
SAR,4.0,100.644,SOFT,1.0
SAR,5.0,100.902,SOFT,1.0
SAR,6.0,100.791,SOFT,1.0
SAR,7.0,100.892,SOFT,1.0
SAR,8.0,100.868,SOFT,1.0
SAR,9.0,100.908,SOFT,1.0
SAR,10.0,101.133,SOFT,1.0
SAR,11.0,101.532,SOFT,1.0
SAR,12.0,103.88,SOFT,1.0
SAR,13.0,120.255,SOFT,2.0
SAR,14.0,98.413,SOFT,2.0
SAR,15.0,99.033,SOFT,2.0
SAR,16.0,98.988,SOFT,2.0
SAR,17.0,99.439,SOFT,2.0
SAR,18.0,99.399,SOFT,2.0
SAR,19.0,99.22,SOFT,2.0
SAR,20.0,99.186,SOFT,2.0
SAR,21.0,99.612,SOFT,2.0
SAR,22.0,99.362,SOFT,2.0
SAR,23.0,99.692,SOFT,2.0
SAR,24.0,99.872,SOFT,2.0
SAR,25.0,99.834,SOFT,2.0
SAR,26.0,100.006,SOFT,2.0
SAR,27.0,99.602,SOFT,2.0
SAR,28.0,99.62,SOFT,2.0
SAR,29.0,99.673,SOFT,2.0
SAR,30.0,102.409,SOFT,2.0
SAR,31.0,119.303,HARD,3.0
SAR,32.0,97.613,HARD,3.0
SAR,33.0,97.862,HARD,3.0
SAR,34.0,97.902,HARD,3.0
SAR,35.0,98.029,HARD,3.0
SAR,36.0,97.717,HARD,3.0
SAR,37.0,97.831,HARD,3.0
SAR,38.0,98.015,HARD,3.0
SAR,39.0,97.971,HARD,3.0
SAR,40.0,113.753,HARD,3.0
SAR,41.0,125.614,SOFT,4.0
SAR,42.0,96.037,SOFT,4.0
SAR,43.0,96.801,SOFT,4.0
SAR,44.0,97.407,SOFT,4.0
SAR,45.0,97.462,SOFT,4.0
SAR,46.0,98.441,SOFT,4.0
SAR,47.0,97.227,SOFT,4.0
SAR,48.0,97.068,SOFT,4.0
SAR,49.0,97.225,SOFT,4.0
SAR,50.0,97.29,SOFT,4.0
SAR,51.0,97.472,SOFT,4.0
SAR,52.0,97.456,SOFT,4.0
SAR,53.0,97.662,SOFT,4.0
SAR,54.0,97.936,SOFT,4.0
SAR,55.0,98.316,SOFT,4.0
SAR,56.0,99.626,SOFT,4.0
MAG,1.0,109.33,HARD,1.0
MAG,2.0,101.521,HARD,1.0
MAG,3.0,101.978,HARD,1.0
MAG,4.0,100.773,HARD,1.0
MAG,5.0,101.34,HARD,1.0
MAG,6.0,101.125,HARD,1.0
MAG,7.0,101.526,HARD,1.0
MAG,8.0,101.283,HARD,1.0
MAG,9.0,101.278,HARD,1.0
MAG,10.0,101.719,HARD,1.0
MAG,11.0,102.049,HARD,1.0
MAG,12.0,101.345,HARD,1.0
MAG,13.0,101.654,HARD,1.0
MAG,14.0,101.739,HARD,1.0
MAG,15.0,104.899,HARD,1.0
MAG,16.0,120.587,HARD,2.0
MAG,17.0,98.319,HARD,2.0
MAG,18.0,98.274,HARD,2.0
MAG,19.0,98.803,HARD,2.0
MAG,20.0,99.083,HARD,2.0
MAG,21.0,99.086,HARD,2.0
MAG,22.0,98.913,HARD,2.0
MAG,23.0,99.027,HARD,2.0
MAG,24.0,98.947,HARD,2.0
MAG,25.0,99.476,HARD,2.0
MAG,26.0,99.601,HARD,2.0
MAG,27.0,99.298,HARD,2.0
MAG,28.0,99.316,HARD,2.0
MAG,29.0,101.979,HARD,2.0
MAG,30.0,120.933,SOFT,3.0
MAG,31.0,98.593,SOFT,3.0
MAG,32.0,97.644,SOFT,3.0
MAG,33.0,97.097,SOFT,3.0
MAG,34.0,97.528,SOFT,3.0
MAG,35.0,97.46,SOFT,3.0
MAG,36.0,97.754,SOFT,3.0
MAG,37.0,97.998,SOFT,3.0
MAG,38.0,98.303,SOFT,3.0
MAG,39.0,98.587,SOFT,3.0
MAG,40.0,117.797,SOFT,3.0
MAG,41.0,122.547,SOFT,4.0
MAG,42.0,96.471,SOFT,4.0
MAG,43.0,96.942,SOFT,4.0
MAG,44.0,96.588,SOFT,4.0
MAG,45.0,97.126,SOFT,4.0
MAG,46.0,97.589,SOFT,4.0
MAG,47.0,97.629,SOFT,4.0
MAG,48.0,97.607,SOFT,4.0
MAG,49.0,97.739,SOFT,4.0
MAG,50.0,98.315,SOFT,4.0
MAG,51.0,98.157,SOFT,4.0
MAG,52.0,97.963,SOFT,4.0
MAG,53.0,97.982,SOFT,4.0
MAG,54.0,99.651,SOFT,4.0
MAG,55.0,98.446,SOFT,4.0
MAG,56.0,98.779,SOFT,4.0
DEV,1.0,109.959,SOFT,1.0
DEV,2.0,101.289,SOFT,1.0
DEV,3.0,100.914,SOFT,1.0
DEV,4.0,100.373,SOFT,1.0
DEV,5.0,100.63,SOFT,1.0
DEV,6.0,101.125,SOFT,1.0
DEV,7.0,101.166,SOFT,1.0
DEV,8.0,101.23,SOFT,1.0
DEV,9.0,101.573,SOFT,1.0
DEV,10.0,101.666,SOFT,1.0
DEV,11.0,105.46,SOFT,1.0
DEV,12.0,121.184,HARD,2.0
DEV,13.0,98.924,HARD,2.0
DEV,14.0,98.829,HARD,2.0
DEV,15.0,98.868,HARD,2.0
DEV,16.0,99.127,HARD,2.0
DEV,17.0,98.996,HARD,2.0
DEV,18.0,99.054,HARD,2.0
DEV,19.0,99.078,HARD,2.0
DEV,20.0,99.182,HARD,2.0
DEV,21.0,99.182,HARD,2.0
DEV,22.0,99.296,HARD,2.0
DEV,23.0,99.542,HARD,2.0
DEV,24.0,99.807,HARD,2.0
DEV,25.0,100.96,HARD,2.0
DEV,26.0,99.97,HARD,2.0
DEV,27.0,102.309,HARD,2.0
DEV,28.0,120.083,HARD,3.0
DEV,29.0,98.121,HARD,3.0
DEV,30.0,97.709,HARD,3.0
DEV,31.0,97.909,HARD,3.0
DEV,32.0,97.902,HARD,3.0
DEV,33.0,97.933,HARD,3.0
DEV,34.0,98.266,HARD,3.0
DEV,35.0,98.123,HARD,3.0
DEV,36.0,98.206,HARD,3.0
DEV,37.0,98.423,HARD,3.0
DEV,38.0,98.379,HARD,3.0
DEV,39.0,98.535,HARD,3.0
DEV,40.0,113.544,HARD,3.0
DEV,41.0,114.359,HARD,3.0
DEV,42.0,99.873,HARD,3.0
DEV,43.0,100.177,HARD,3.0
DEV,44.0,99.588,HARD,3.0
DEV,45.0,98.889,HARD,3.0
DEV,46.0,98.871,HARD,3.0
DEV,47.0,98.921,HARD,3.0
DEV,48.0,100.441,HARD,3.0
DEV,49.0,98.985,HARD,3.0
DEV,50.0,99.089,HARD,3.0
DEV,51.0,100.475,HARD,3.0
DEV,52.0,100.33,HARD,3.0
DEV,53.0,99.15,HARD,3.0
DEV,54.0,98.885,HARD,3.0
DEV,55.0,99.239,HARD,3.0
DEV,56.0,99.161,HARD,3.0
TSU,1.0,107.791,SOFT,1.0
TSU,2.0,100.837,SOFT,1.0
TSU,3.0,100.243,SOFT,1.0
TSU,4.0,99.95,SOFT,1.0
TSU,5.0,101.131,SOFT,1.0
TSU,6.0,100.886,SOFT,1.0
TSU,7.0,100.952,SOFT,1.0
TSU,8.0,100.846,SOFT,1.0
TSU,9.0,101.01,SOFT,1.0
TSU,10.0,103.749,SOFT,1.0
TSU,11.0,119.843,HARD,2.0
TSU,12.0,99.143,HARD,2.0
TSU,13.0,99.471,HARD,2.0
TSU,14.0,98.742,HARD,2.0
TSU,15.0,98.975,HARD,2.0
TSU,16.0,99.061,HARD,2.0
TSU,17.0,99.021,HARD,2.0
TSU,18.0,99.302,HARD,2.0
TSU,19.0,99.17,HARD,2.0
TSU,20.0,99.282,HARD,2.0
TSU,21.0,99.325,HARD,2.0
TSU,22.0,99.439,HARD,2.0
TSU,23.0,99.632,HARD,2.0
TSU,24.0,100.109,HARD,2.0
TSU,25.0,99.746,HARD,2.0
TSU,26.0,102.227,HARD,2.0
TSU,27.0,120.3,HARD,3.0
TSU,28.0,97.824,HARD,3.0
TSU,29.0,97.779,HARD,3.0
TSU,30.0,98.147,HARD,3.0
TSU,31.0,97.813,HARD,3.0
TSU,32.0,98.017,HARD,3.0
TSU,33.0,98.094,HARD,3.0
TSU,34.0,98.13,HARD,3.0
TSU,35.0,98.163,HARD,3.0
TSU,36.0,98.059,HARD,3.0
TSU,37.0,98.075,HARD,3.0
TSU,38.0,98.084,HARD,3.0
TSU,39.0,98.419,HARD,3.0
TSU,40.0,110.35,HARD,3.0
TSU,41.0,130.782,SOFT,4.0
TSU,42.0,96.637,SOFT,4.0
TSU,43.0,97.028,SOFT,4.0
TSU,44.0,97.01,SOFT,4.0
TSU,45.0,97.021,SOFT,4.0
TSU,46.0,97.258,SOFT,4.0
TSU,47.0,97.359,SOFT,4.0
TSU,48.0,97.238,SOFT,4.0
TSU,49.0,97.528,SOFT,4.0
TSU,50.0,97.624,SOFT,4.0
TSU,51.0,97.706,SOFT,4.0
TSU,52.0,97.59,SOFT,4.0
TSU,53.0,97.675,SOFT,4.0
TSU,54.0,97.72,SOFT,4.0
TSU,55.0,97.945,SOFT,4.0
TSU,56.0,98.102,SOFT,4.0
TSU,57.0,98.246,SOFT,4.0
ALB,1.0,106.453,SOFT,1.0
ALB,2.0,100.43,SOFT,1.0
ALB,3.0,100.143,SOFT,1.0
ALB,4.0,99.761,SOFT,1.0
ALB,5.0,100.606,SOFT,1.0
ALB,6.0,100.744,SOFT,1.0
ALB,7.0,100.646,SOFT,1.0
ALB,8.0,100.918,SOFT,1.0
ALB,9.0,100.969,SOFT,1.0
ALB,10.0,101.119,SOFT,1.0
ALB,11.0,103.948,SOFT,1.0
ALB,12.0,119.445,SOFT,2.0
ALB,13.0,98.649,SOFT,2.0
ALB,14.0,98.472,SOFT,2.0
ALB,15.0,99.158,SOFT,2.0
ALB,16.0,99.253,SOFT,2.0
ALB,17.0,99.094,SOFT,2.0
ALB,18.0,99.049,SOFT,2.0
ALB,19.0,99.272,SOFT,2.0
ALB,20.0,99.299,SOFT,2.0
ALB,21.0,99.591,SOFT,2.0
ALB,22.0,99.588,SOFT,2.0
ALB,23.0,99.802,SOFT,2.0
ALB,24.0,99.89,SOFT,2.0
ALB,25.0,99.832,SOFT,2.0
ALB,26.0,102.61,SOFT,2.0
ALB,27.0,119.87,HARD,3.0
ALB,28.0,97.503,HARD,3.0
ALB,29.0,98.127,HARD,3.0
ALB,30.0,97.931,HARD,3.0
ALB,31.0,98.104,HARD,3.0
ALB,32.0,97.919,HARD,3.0
ALB,33.0,98.104,HARD,3.0
ALB,34.0,97.961,HARD,3.0
ALB,35.0,97.984,HARD,3.0
ALB,36.0,98.176,HARD,3.0
ALB,37.0,98.038,HARD,3.0
ALB,38.0,98.33,HARD,3.0
ALB,39.0,98.346,HARD,3.0
ALB,40.0,110.177,HARD,3.0
ALB,41.0,128.659,SOFT,4.0
ALB,42.0,97.211,SOFT,4.0
ALB,43.0,97.144,SOFT,4.0
ALB,44.0,97.327,SOFT,4.0
ALB,45.0,97.503,SOFT,4.0
ALB,46.0,97.577,SOFT,4.0
ALB,47.0,97.545,SOFT,4.0
ALB,48.0,97.684,SOFT,4.0
ALB,49.0,97.609,SOFT,4.0
ALB,50.0,97.695,SOFT,4.0
ALB,51.0,97.727,SOFT,4.0
ALB,52.0,97.861,SOFT,4.0
ALB,53.0,97.778,SOFT,4.0
ALB,54.0,97.78,SOFT,4.0
ALB,55.0,97.803,SOFT,4.0
ALB,56.0,98.159,SOFT,4.0
ALB,57.0,98.137,SOFT,4.0
ZHO,1.0,108.467,SOFT,1.0
ZHO,2.0,101.091,SOFT,1.0
ZHO,3.0,100.596,SOFT,1.0
ZHO,4.0,100.853,SOFT,1.0
ZHO,5.0,100.814,SOFT,1.0
ZHO,6.0,101.156,SOFT,1.0
ZHO,7.0,101.197,SOFT,1.0
ZHO,8.0,101.184,SOFT,1.0
ZHO,9.0,101.526,SOFT,1.0
ZHO,10.0,101.743,SOFT,1.0
ZHO,11.0,102.108,SOFT,1.0
ZHO,12.0,103.87,SOFT,1.0
ZHO,13.0,122.101,HARD,2.0
ZHO,14.0,99.33,HARD,2.0
ZHO,15.0,99.229,HARD,2.0
ZHO,16.0,98.998,HARD,2.0
ZHO,17.0,99.143,HARD,2.0
ZHO,18.0,98.873,HARD,2.0
ZHO,19.0,98.794,HARD,2.0
ZHO,20.0,98.896,HARD,2.0
ZHO,21.0,98.888,HARD,2.0
ZHO,22.0,99.115,HARD,2.0
ZHO,23.0,99.462,HARD,2.0
ZHO,24.0,99.503,HARD,2.0
ZHO,25.0,99.066,HARD,2.0
ZHO,26.0,99.427,HARD,2.0
ZHO,27.0,99.235,HARD,2.0
ZHO,28.0,99.412,HARD,2.0
ZHO,29.0,99.361,HARD,2.0
ZHO,30.0,99.382,HARD,2.0
ZHO,31.0,99.67,HARD,2.0
ZHO,32.0,102.096,HARD,2.0
ZHO,33.0,119.659,SOFT,3.0
ZHO,34.0,97.037,SOFT,3.0
ZHO,35.0,97.55,SOFT,3.0
ZHO,36.0,97.957,SOFT,3.0
ZHO,37.0,98.003,SOFT,3.0
ZHO,38.0,98.422,SOFT,3.0
ZHO,39.0,98.368,SOFT,3.0
ZHO,40.0,113.456,SOFT,3.0
ZHO,41.0,112.5,SOFT,3.0
ZHO,42.0,99.904,SOFT,3.0
ZHO,43.0,98.311,SOFT,3.0
ZHO,44.0,97.974,SOFT,3.0
ZHO,45.0,97.95,SOFT,3.0
ZHO,46.0,98.336,SOFT,3.0
ZHO,47.0,99.553,SOFT,3.0
ZHO,48.0,98.596,SOFT,3.0
ZHO,49.0,98.628,SOFT,3.0
ZHO,50.0,99.893,SOFT,3.0
ZHO,51.0,98.719,SOFT,3.0
ZHO,52.0,98.713,SOFT,3.0
ZHO,53.0,98.634,SOFT,3.0
ZHO,54.0,101.967,SOFT,3.0
ZHO,55.0,127.673,SOFT,4.0
ZHO,56.0,93.996,SOFT,4.0
HUL,1.0,107.339,SOFT,1.0
HUL,2.0,100.72,SOFT,1.0
HUL,3.0,100.484,SOFT,1.0
HUL,4.0,101.004,SOFT,1.0
HUL,5.0,101.002,SOFT,1.0
HUL,6.0,101.002,SOFT,1.0
HUL,7.0,101.148,SOFT,1.0
HUL,8.0,101.249,SOFT,1.0
HUL,9.0,101.615,SOFT,1.0
HUL,10.0,102.252,SOFT,1.0
HUL,11.0,106.79,SOFT,1.0
HUL,12.0,122.579,HARD,2.0
HUL,13.0,99.406,HARD,2.0
HUL,14.0,98.847,HARD,2.0
HUL,15.0,98.972,HARD,2.0
HUL,16.0,99.136,HARD,2.0
HUL,17.0,99.396,HARD,2.0
HUL,18.0,100.323,HARD,2.0
HUL,19.0,99.633,HARD,2.0
HUL,20.0,99.495,HARD,2.0
HUL,21.0,99.703,HARD,2.0
HUL,22.0,99.934,HARD,2.0
HUL,23.0,99.866,HARD,2.0
HUL,24.0,99.855,HARD,2.0
HUL,25.0,100.295,HARD,2.0
HUL,26.0,102.931,HARD,2.0
HUL,27.0,132.037,HARD,3.0
HUL,28.0,96.981,HARD,3.0
HUL,29.0,97.398,HARD,3.0
HUL,30.0,97.617,HARD,3.0
HUL,31.0,97.891,HARD,3.0
HUL,32.0,97.806,HARD,3.0
HUL,33.0,97.761,HARD,3.0
HUL,34.0,97.895,HARD,3.0
HUL,35.0,98.093,HARD,3.0
HUL,36.0,98.245,HARD,3.0
HUL,37.0,98.108,HARD,3.0
HUL,38.0,98.191,HARD,3.0
HUL,39.0,98.184,HARD,3.0
HUL,40.0,118.689,HARD,3.0
HUL,41.0,125.275,SOFT,4.0
HUL,42.0,96.616,SOFT,4.0
HUL,43.0,96.793,SOFT,4.0
HUL,44.0,97.076,SOFT,4.0
HUL,45.0,97.314,SOFT,4.0
HUL,46.0,99.972,SOFT,4.0
HUL,47.0,96.806,SOFT,4.0
HUL,48.0,97.086,SOFT,4.0
HUL,49.0,97.077,SOFT,4.0
HUL,50.0,97.242,SOFT,4.0
HUL,51.0,97.306,SOFT,4.0
HUL,52.0,97.917,SOFT,4.0
HUL,53.0,98.067,SOFT,4.0
HUL,54.0,98.458,SOFT,4.0
HUL,55.0,98.564,SOFT,4.0
HUL,56.0,99.206,SOFT,4.0
OCO,1.0,105.967,SOFT,1.0
OCO,2.0,100.408,SOFT,1.0
OCO,3.0,99.948,SOFT,1.0
OCO,4.0,99.543,SOFT,1.0
OCO,5.0,100.281,SOFT,1.0
OCO,6.0,100.331,SOFT,1.0
OCO,7.0,100.488,SOFT,1.0
OCO,8.0,100.562,SOFT,1.0
OCO,9.0,100.866,SOFT,1.0
OCO,10.0,100.858,SOFT,1.0
OCO,11.0,101.035,SOFT,1.0
OCO,12.0,103.787,SOFT,1.0
OCO,13.0,120.381,HARD,2.0
OCO,14.0,98.649,HARD,2.0
OCO,15.0,101.863,HARD,2.0
OCO,16.0,135.708,HARD,3.0
OCO,17.0,98.78,HARD,3.0
OCO,18.0,98.886,HARD,3.0
OCO,19.0,98.817,HARD,3.0
OCO,20.0,98.809,HARD,3.0
OCO,21.0,98.976,HARD,3.0
OCO,22.0,99.028,HARD,3.0
OCO,23.0,100.052,HARD,3.0
OCO,24.0,99.382,HARD,3.0
OCO,25.0,99.435,HARD,3.0
OCO,26.0,99.521,HARD,3.0
OCO,27.0,99.594,HARD,3.0
OCO,28.0,100.026,HARD,3.0
OCO,29.0,101.181,HARD,3.0
OCO,30.0,99.757,HARD,3.0
OCO,31.0,99.748,HARD,3.0
OCO,32.0,104.296,HARD,3.0
OCO,33.0,138.694,HARD,4.0
OCO,34.0,96.797,HARD,4.0
OCO,35.0,96.964,HARD,4.0
OCO,36.0,97.364,HARD,4.0
OCO,37.0,97.338,HARD,4.0
OCO,38.0,97.216,HARD,4.0
OCO,39.0,97.523,HARD,4.0
OCO,40.0,128.023,HARD,4.0
OCO,41.0,102.684,HARD,4.0
NOR,1.0,105.364,SOFT,1.0
NOR,2.0,100.433,SOFT,1.0
NOR,3.0,99.777,SOFT,1.0
NOR,4.0,102.267,SOFT,1.0
NOR,5.0,100.664,SOFT,1.0
NOR,6.0,100.814,SOFT,1.0
NOR,7.0,100.726,SOFT,1.0
NOR,8.0,100.857,SOFT,1.0
NOR,9.0,100.783,SOFT,1.0
NOR,10.0,103.521,SOFT,1.0
NOR,11.0,129.886,HARD,2.0
NOR,12.0,99.314,HARD,2.0
NOR,13.0,99.51,HARD,2.0
NOR,14.0,99.243,HARD,2.0
NOR,15.0,98.87,HARD,2.0
NOR,16.0,98.86,HARD,2.0
NOR,17.0,101.501,HARD,2.0
NOR,18.0,128.607,SOFT,3.0
NOR,19.0,97.966,SOFT,3.0
NOR,20.0,98.345,SOFT,3.0
NOR,21.0,98.297,SOFT,3.0
NOR,22.0,98.908,SOFT,3.0
NOR,23.0,98.291,SOFT,3.0
NOR,24.0,98.696,SOFT,3.0
NOR,25.0,98.447,SOFT,3.0
NOR,26.0,98.44,SOFT,3.0
NOR,27.0,100.973,SOFT,3.0
NOR,28.0,127.663,MEDIUM,4.0
NOR,29.0,97.26,MEDIUM,4.0
NOR,30.0,97.605,MEDIUM,4.0
NOR,31.0,97.768,MEDIUM,4.0
NOR,32.0,98.111,MEDIUM,4.0
NOR,33.0,97.52,MEDIUM,4.0
NOR,34.0,97.987,MEDIUM,4.0
NOR,35.0,97.87,MEDIUM,4.0
NOR,36.0,99.886,MEDIUM,4.0
NOR,37.0,100.197,MEDIUM,4.0
NOR,38.0,128.682,HARD,5.0
NOR,39.0,98.347,HARD,5.0
NOR,40.0,127.97,HARD,5.0
NOR,41.0,96.705,HARD,5.0
NOR,42.0,96.668,HARD,5.0
NOR,43.0,96.687,HARD,5.0
NOR,44.0,97.219,HARD,5.0
NOR,45.0,97.426,HARD,5.0
NOR,46.0,97.656,HARD,5.0
NOR,47.0,100.433,HARD,5.0
NOR,48.0,126.905,SOFT,6.0
NOR,49.0,99.08,SOFT,6.0
NOR,50.0,95.257,SOFT,6.0
NOR,51.0,95.822,SOFT,6.0
NOR,52.0,96.152,SOFT,6.0
NOR,53.0,96.5,SOFT,6.0
NOR,54.0,99.789,SOFT,6.0
NOR,55.0,124.847,SOFT,7.0
HAM,1.0,102.288,SOFT,1.0
HAM,2.0,99.166,SOFT,1.0
HAM,3.0,99.22,SOFT,1.0
HAM,4.0,99.198,SOFT,1.0
HAM,5.0,99.335,SOFT,1.0
HAM,6.0,99.756,SOFT,1.0
HAM,7.0,99.757,SOFT,1.0
HAM,8.0,100.267,SOFT,1.0
HAM,9.0,100.323,SOFT,1.0
HAM,10.0,100.289,SOFT,1.0
HAM,11.0,100.752,SOFT,1.0
HAM,12.0,103.336,SOFT,1.0
HAM,13.0,119.179,HARD,2.0
HAM,14.0,98.308,HARD,2.0
HAM,15.0,98.527,HARD,2.0
HAM,16.0,98.617,HARD,2.0
HAM,17.0,98.704,HARD,2.0
HAM,18.0,98.69,HARD,2.0
HAM,19.0,98.684,HARD,2.0
HAM,20.0,98.478,HARD,2.0
HAM,21.0,98.581,HARD,2.0
HAM,22.0,98.46,HARD,2.0
HAM,23.0,98.384,HARD,2.0
HAM,24.0,98.367,HARD,2.0
HAM,25.0,98.29,HARD,2.0
HAM,26.0,98.339,HARD,2.0
HAM,27.0,98.369,HARD,2.0
HAM,28.0,98.265,HARD,2.0
HAM,29.0,98.38,HARD,2.0
HAM,30.0,101.175,HARD,2.0
HAM,31.0,119.503,HARD,3.0
HAM,32.0,97.563,HARD,3.0
HAM,33.0,97.549,HARD,3.0
HAM,34.0,98.135,HARD,3.0
HAM,35.0,96.831,HARD,3.0
HAM,36.0,96.546,HARD,3.0
HAM,37.0,97.388,HARD,3.0
HAM,38.0,98.304,HARD,3.0
HAM,39.0,97.478,HARD,3.0
HAM,40.0,97.494,HARD,3.0
HAM,41.0,126.491,HARD,3.0
HAM,42.0,97.061,HARD,3.0
HAM,43.0,97.111,HARD,3.0
HAM,44.0,97.048,HARD,3.0
HAM,45.0,97.661,HARD,3.0
HAM,46.0,97.779,HARD,3.0
HAM,47.0,98.517,HARD,3.0
HAM,48.0,97.844,HARD,3.0
HAM,49.0,97.954,HARD,3.0
HAM,50.0,97.77,HARD,3.0
HAM,51.0,98.014,HARD,3.0
HAM,52.0,97.803,HARD,3.0
HAM,53.0,97.988,HARD,3.0
HAM,54.0,98.076,HARD,3.0
HAM,55.0,97.955,HARD,3.0
HAM,56.0,98.111,HARD,3.0
HAM,57.0,98.255,HARD,3.0
SAI,1.0,101.659,SOFT,1.0
SAI,2.0,98.933,SOFT,1.0
SAI,3.0,99.042,SOFT,1.0
SAI,4.0,98.985,SOFT,1.0
SAI,5.0,99.128,SOFT,1.0
SAI,6.0,99.474,SOFT,1.0
SAI,7.0,99.502,SOFT,1.0
SAI,8.0,99.779,SOFT,1.0
SAI,9.0,99.744,SOFT,1.0
SAI,10.0,100.102,SOFT,1.0
SAI,11.0,100.507,SOFT,1.0
SAI,12.0,100.52,SOFT,1.0
SAI,13.0,103.31,SOFT,1.0
SAI,14.0,119.006,HARD,2.0
SAI,15.0,97.985,HARD,2.0
SAI,16.0,98.433,HARD,2.0
SAI,17.0,98.161,HARD,2.0
SAI,18.0,98.287,HARD,2.0
SAI,19.0,98.21,HARD,2.0
SAI,20.0,98.096,HARD,2.0
SAI,21.0,98.24,HARD,2.0
SAI,22.0,98.453,HARD,2.0
SAI,23.0,98.597,HARD,2.0
SAI,24.0,98.314,HARD,2.0
SAI,25.0,98.571,HARD,2.0
SAI,26.0,98.331,HARD,2.0
SAI,27.0,98.423,HARD,2.0
SAI,28.0,98.474,HARD,2.0
SAI,29.0,98.55,HARD,2.0
SAI,30.0,98.601,HARD,2.0
SAI,31.0,101.274,HARD,2.0
SAI,32.0,118.492,HARD,3.0
SAI,33.0,97.548,HARD,3.0
SAI,34.0,97.475,HARD,3.0
SAI,35.0,97.441,HARD,3.0
SAI,36.0,97.706,HARD,3.0
SAI,37.0,97.13,HARD,3.0
SAI,38.0,97.444,HARD,3.0
SAI,39.0,97.403,HARD,3.0
SAI,40.0,97.587,HARD,3.0
SAI,41.0,126.436,HARD,3.0
SAI,42.0,97.375,HARD,3.0
SAI,43.0,97.294,HARD,3.0
SAI,44.0,97.389,HARD,3.0
SAI,45.0,99.561,HARD,3.0
SAI,46.0,97.844,HARD,3.0
SAI,47.0,98.222,HARD,3.0
SAI,48.0,97.897,HARD,3.0
SAI,49.0,97.765,HARD,3.0
SAI,50.0,97.604,HARD,3.0
SAI,51.0,97.672,HARD,3.0
SAI,52.0,97.49,HARD,3.0
SAI,53.0,97.66,HARD,3.0
SAI,54.0,97.694,HARD,3.0
SAI,55.0,97.821,HARD,3.0
SAI,56.0,98.126,HARD,3.0
SAI,57.0,98.021,HARD,3.0
RUS,1.0,102.662,SOFT,1.0
RUS,2.0,99.59,SOFT,1.0
RUS,3.0,99.093,SOFT,1.0
RUS,4.0,99.261,SOFT,1.0
RUS,5.0,99.549,SOFT,1.0
RUS,6.0,99.493,SOFT,1.0
RUS,7.0,100.056,SOFT,1.0
RUS,8.0,100.31,SOFT,1.0
RUS,9.0,100.42,SOFT,1.0
RUS,10.0,100.532,SOFT,1.0
RUS,11.0,101.085,SOFT,1.0
RUS,12.0,101.112,SOFT,1.0
RUS,13.0,104.691,SOFT,1.0
RUS,14.0,121.269,HARD,2.0
RUS,15.0,97.46,HARD,2.0
RUS,16.0,97.833,HARD,2.0
RUS,17.0,98.604,HARD,2.0
RUS,18.0,98.427,HARD,2.0
RUS,19.0,98.512,HARD,2.0
RUS,20.0,98.578,HARD,2.0
RUS,21.0,98.555,HARD,2.0
RUS,22.0,98.438,HARD,2.0
RUS,23.0,98.773,HARD,2.0
RUS,24.0,98.643,HARD,2.0
RUS,25.0,98.487,HARD,2.0
RUS,26.0,98.462,HARD,2.0
RUS,27.0,98.625,HARD,2.0
RUS,28.0,98.448,HARD,2.0
RUS,29.0,98.792,HARD,2.0
RUS,30.0,98.541,HARD,2.0
RUS,31.0,101.035,HARD,2.0
RUS,32.0,118.694,HARD,3.0
RUS,33.0,97.221,HARD,3.0
RUS,34.0,97.311,HARD,3.0
RUS,35.0,97.592,HARD,3.0
RUS,36.0,97.607,HARD,3.0
RUS,37.0,97.822,HARD,3.0
RUS,38.0,97.66,HARD,3.0
RUS,39.0,97.495,HARD,3.0
RUS,40.0,98.085,HARD,3.0
RUS,41.0,126.293,HARD,3.0
RUS,42.0,97.035,HARD,3.0
RUS,43.0,97.48,HARD,3.0
RUS,44.0,97.597,HARD,3.0
RUS,45.0,97.316,HARD,3.0
RUS,46.0,97.571,HARD,3.0
RUS,47.0,97.432,HARD,3.0
RUS,48.0,97.52,HARD,3.0
RUS,49.0,97.718,HARD,3.0
RUS,50.0,97.383,HARD,3.0
RUS,51.0,97.825,HARD,3.0
RUS,52.0,97.589,HARD,3.0
RUS,53.0,97.841,HARD,3.0
RUS,54.0,97.923,HARD,3.0
RUS,55.0,97.86,HARD,3.0
RUS,56.0,97.636,HARD,3.0
RUS,57.0,97.767,HARD,3.0
BOT,1.0,104.154,SOFT,1.0
BOT,2.0,99.956,SOFT,1.0
BOT,3.0,99.397,SOFT,1.0
BOT,4.0,99.823,SOFT,1.0
BOT,5.0,101.033,SOFT,1.0
BOT,6.0,100.265,SOFT,1.0
BOT,7.0,100.564,SOFT,1.0
BOT,8.0,100.387,SOFT,1.0
BOT,9.0,100.275,SOFT,1.0
BOT,10.0,100.676,SOFT,1.0
BOT,11.0,103.269,SOFT,1.0
BOT,12.0,119.45,HARD,2.0
BOT,13.0,98.03,HARD,2.0
BOT,14.0,98.098,HARD,2.0
BOT,15.0,98.851,HARD,2.0
BOT,16.0,98.494,HARD,2.0
BOT,17.0,99.973,HARD,2.0
BOT,18.0,100.24,HARD,2.0
BOT,19.0,99.497,HARD,2.0
BOT,20.0,100.442,HARD,2.0
BOT,21.0,99.355,HARD,2.0
BOT,22.0,99.356,HARD,2.0
BOT,23.0,99.311,HARD,2.0
BOT,24.0,99.427,HARD,2.0
BOT,25.0,99.49,HARD,2.0
BOT,26.0,99.5,HARD,2.0
BOT,27.0,99.287,HARD,2.0
BOT,28.0,99.016,HARD,2.0
BOT,29.0,102.22,HARD,2.0
BOT,30.0,118.886,HARD,3.0
BOT,31.0,97.379,HARD,3.0
BOT,32.0,97.675,HARD,3.0
BOT,33.0,97.775,HARD,3.0
BOT,34.0,97.774,HARD,3.0
BOT,35.0,97.817,HARD,3.0
BOT,36.0,97.827,HARD,3.0
BOT,37.0,97.774,HARD,3.0
BOT,38.0,97.658,HARD,3.0
BOT,39.0,97.784,HARD,3.0
BOT,40.0,110.376,HARD,3.0
BOT,41.0,115.281,HARD,3.0
BOT,42.0,97.736,HARD,3.0
BOT,43.0,97.813,HARD,3.0
BOT,44.0,97.868,HARD,3.0
BOT,45.0,97.688,HARD,3.0
BOT,46.0,97.83,HARD,3.0
BOT,47.0,97.815,HARD,3.0
BOT,48.0,97.5,HARD,3.0
BOT,49.0,97.85,HARD,3.0
BOT,50.0,97.71,HARD,3.0
BOT,51.0,97.816,HARD,3.0
BOT,52.0,97.947,HARD,3.0
BOT,53.0,97.856,HARD,3.0
BOT,54.0,97.738,HARD,3.0
BOT,55.0,97.807,HARD,3.0
BOT,56.0,98.16,HARD,3.0
BOT,57.0,98.407,HARD,3.0
PIA,1.0,108.214,SOFT,1.0
PIA,2.0,100.83,SOFT,1.0
PIA,3.0,100.691,SOFT,1.0
PIA,4.0,100.718,SOFT,1.0
PIA,5.0,100.862,SOFT,1.0
PIA,6.0,101.111,SOFT,1.0
PIA,7.0,101.167,SOFT,1.0
PIA,8.0,101.295,SOFT,1.0
PIA,9.0,101.534,SOFT,1.0
PIA,10.0,101.584,SOFT,1.0
PIA,11.0,101.352,SOFT,1.0
PIA,12.0,101.156,SOFT,1.0
PIA,13.0,122.071,SOFT,1.0
